"RowID","URL","Port","ArcGateway","IsWildcard","Source","IPAddress","Layer7Status","Layer7Response","Layer7ResponseTime","Note","TCPStatus","CertificateIssuer","CertificateSubject","CertificateThumbprint","IntermediateCertificateIssuer","IntermediateCertificateSubject","IntermediateCertificateThumbprint","RootCertificateIssuer","RootCertificateSubject","RootCertificateThumbprint"
"105","wustat.windows.com","80","False","False","GitHub URL","N/A","Skipped","N/A","N/A","Skipped URL - For Microsoft Update, allowing the OS to receive updates.","Skipped","N/A","N/A","N/A","N/A","N/A","N/A","N/A","N/A","N/A"
"109","yourarcgatewayendpointid.gw.arc.azure.com","443","False","False","GitHub URL","N/A","Skipped","N/A","N/A","Skipped, not using Arc Gateway, as '-ArcGatewayDeployment' switch not present - Required when using Arc gateway for Azure Local.","Skipped","N/A","N/A","N/A","N/A","N/A","N/A","N/A","N/A","N/A"
"1","*.blob.core.windows.net","443","True","True","Wildcard GitHub URL","N/A","Skipped","N/A","N/A","Wildcard URL, tested by arcplatformcliextprod.blob.core.windows.net from Environment Checker URL - For multiple Azure Local components.","Skipped","N/A","N/A","N/A","N/A","N/A","N/A","N/A","N/A","N/A"
"2","*.blob.storage.azure.net","443","True","True","Wildcard GitHub URL","N/A","Skipped","N/A","N/A","Wildcard URL, tested by manually defined URL eus2azreplstore214.blob.core.windows.net - Wildcard URL, tested by manually defined URL eus2azreplstore214.blob.core.windows.net - Wildcard URL, tested by manually defined URL mystorageaccount.blob.core.windows.net - Wildcard URL, tested by manually defined URL mystorageaccount.blob.core.windows.net - To access blob storage.","Skipped","N/A","N/A","N/A","N/A","N/A","N/A","N/A","N/A","N/A"
"3","*.delivery.mp.microsoft.com","80","False","True","Wildcard GitHub URL","N/A","Skipped","N/A","N/A","Wildcard URL, tested by dl.delivery.mp.microsoft.com from Environment Checker URL - For Microsoft Update, allowing the OS to receive updates.","Skipped","N/A","N/A","N/A","N/A","N/A","N/A","N/A","N/A","N/A"
"4","*.delivery.mp.microsoft.com","443","False","True","Wildcard GitHub URL","N/A","Skipped","N/A","N/A","Wildcard URL, tested by dl.delivery.mp.microsoft.com from Environment Checker URL - Wildcard URL, tested by dl.delivery.mp.microsoft.com from Environment Checker URL - For Microsoft Update, allowing the OS to receive updates.","Skipped","N/A","N/A","N/A","N/A","N/A","N/A","N/A","N/A","N/A"
"5","*.dl.delivery.mp.microsoft.com","443","True","True","Wildcard GitHub URL","N/A","Skipped","N/A","N/A","Wildcard URL, tested by msk8s.sb.tlu.dl.delivery.mp.microsoft.com from Environment Checker URL - Used for AKS Arc VHD image download and update.","Skipped","N/A","N/A","N/A","N/A","N/A","N/A","N/A","N/A","N/A"
"6","*.do.dsp.mp.microsoft.com","443","True","True","Wildcard GitHub URL","N/A","Skipped","N/A","N/A","Wildcard URL, tested by geo.prod.do.dsp.mp.microsoft.com from Environment Checker URL - Used for AKS Arc VHD image download and update.","Skipped","N/A","N/A","N/A","N/A","N/A","N/A","N/A","N/A","N/A"
"8","*.download.windowsupdate.com","443","False","True","Wildcard GitHub URL","N/A","Skipped","N/A","N/A","Wildcard URL, tested by manually defined URL 1a.au.download.windowsupdate.com - For Microsoft Update, allowing the OS to receive updates.","Skipped","N/A","N/A","N/A","N/A","N/A","N/A","N/A","N/A","N/A"
"7","*.download.windowsupdate.com","80","False","True","Wildcard GitHub URL","N/A","Skipped","N/A","N/A","Wildcard URL, tested by manually defined URL 1a.au.download.windowsupdate.com - For Microsoft Update, allowing the OS to receive updates.","Skipped","N/A","N/A","N/A","N/A","N/A","N/A","N/A","N/A","N/A"
"9","*.endpoint.security.microsoft.com","443","True","True","Wildcard GitHub URL","N/A","Skipped","N/A","N/A","Wildcard URL, tested by manually defined URL edr-neu3.eu.endpoint.security.microsoft.com - Required only if using Microsoft Defender extension (MDE.windows).","Skipped","N/A","N/A","N/A","N/A","N/A","N/A","N/A","N/A","N/A"
"10","*.prod.do.dsp.mp.microsoft.com","443","True","True","Wildcard GitHub URL","N/A","Skipped","N/A","N/A","Wildcard URL, tested by geo.prod.do.dsp.mp.microsoft.com from Environment Checker URL - Used for AKS Arc VHD image download and update.","Skipped","N/A","N/A","N/A","N/A","N/A","N/A","N/A","N/A","N/A"
"11","*.prod.hot.ingest.monitor.core.windows.net","443","True","True","Wildcard GitHub URL","N/A","Skipped","N/A","N/A","Wildcard URL, tested by manually defined URL prod5.prod.hot.ingest.monitor.core.windows.net - Periodically sends Microsoft required diagnostic data.","Skipped","N/A","N/A","N/A","N/A","N/A","N/A","N/A","N/A","N/A"
"12","*.servicebus.windows.net","443","True","True","Wildcard GitHub URL","N/A","Skipped","N/A","N/A","Wildcard URL, tested by manually defined URL azgn-southcentralus-public-1p-sn-vazr0002.servicebus.windows.net - Wildcard URL, tested by manually defined URL azgn-southcentralus-public-1p-sn-vazr0002.servicebus.windows.net - For multiple Azure Local components.","Skipped","N/A","N/A","N/A","N/A","N/A","N/A","N/A","N/A","N/A"
"14","*.update.microsoft.com","443","False","True","Wildcard GitHub URL","N/A","Skipped","N/A","N/A","Wildcard URL, tested by manually defined URL fe2.update.microsoft.com - For Microsoft Update, allowing the OS to receive updates.","Skipped","N/A","N/A","N/A","N/A","N/A","N/A","N/A","N/A","N/A"
"13","*.update.microsoft.com","80","False","True","Wildcard GitHub URL","N/A","Skipped","N/A","N/A","Wildcard URL, tested by manually defined URL fe2.update.microsoft.com - For Microsoft Update, allowing the OS to receive updates.","Skipped","N/A","N/A","N/A","N/A","N/A","N/A","N/A","N/A","N/A"
"15","*.waconazure.com","443","True","True","Wildcard GitHub URL","N/A","Skipped","N/A","N/A","Skipped URL - For Windows Admin Center management after deployment.","Skipped","N/A","N/A","N/A","N/A","N/A","N/A","N/A","N/A","N/A"
"16","*.windowsupdate.com","80","False","True","Wildcard GitHub URL","N/A","Skipped","N/A","N/A","Wildcard URL, tested by manually defined URL ctldl.windowsupdate.com - Wildcard URL, tested by ctldl.windowsupdate.com from Environment Checker URL - For Microsoft Update, allowing the OS to receive updates.","Skipped","N/A","N/A","N/A","N/A","N/A","N/A","N/A","N/A","N/A"
"17","*.windowsupdate.microsoft.com","80","False","True","Wildcard GitHub URL","N/A","Skipped","N/A","N/A","For Microsoft Update, allowing the OS to receive updates.","Skipped","N/A","N/A","N/A","N/A","N/A","N/A","N/A","N/A","N/A"
"18","*.windowsupdate.microsoft.com","443","False","True","Wildcard GitHub URL","N/A","Skipped","N/A","N/A","For Microsoft Update, allowing the OS to receive updates.","Skipped","N/A","N/A","N/A","N/A","N/A","N/A","N/A","N/A","N/A"
"25","azgn*.servicebus.windows.net","443","True","True","Wildcard GitHub URL","N/A","Skipped","N/A","N/A","Not required if endpoint 41 below is whitelisted.","Skipped","N/A","N/A","N/A","N/A","N/A","N/A","N/A","N/A","N/A"
"19","adhs.events.data.microsoft.com","443","True","False","Environment Checker URL","6.6.0.107","Success","(404) Not Found","1.537","Used periodically to send required diagnostic data to Microsoft from control plane nodes.","N/A","CN=Microsoft Azure RSA TLS Issuing CA 08, O=Microsoft Corporation, C=US","CN=*.events.data.microsoft.com, O=Microsoft Corporation, L=Redmond, S=WA, C=US","958113238A6D8CEBA6601DB308BA338483EE637E","CN=DigiCert Global Root G2, OU=www.digicert.com, O=DigiCert Inc, C=US","CN=Microsoft Azure RSA TLS Issuing CA 08, O=Microsoft Corporation, C=US","31600991ED5FEC63D355A5484A6DCC787EAD89BC","CN=DigiCert Global Root G2, OU=www.digicert.com, O=DigiCert Inc, C=US","CN=DigiCert Global Root G2, OU=www.digicert.com, O=DigiCert Inc, C=US","DF3C24F9BFD666761B268073FE06D1CC8D4F82A4"
"20","agentserviceapi.guestconfiguration.azure.com","443","True","False","Environment Checker URL","4.150.245.10","Success","(404) Not Found","0.61","For the notification service for extension and connectivity scenarios","N/A","CN=Microsoft Azure RSA TLS Issuing CA 08, O=Microsoft Corporation, C=US","CN=*.guestconfiguration.azure.com, O=Microsoft Corporation, L=Redmond, S=WA, C=US","AC3CCB386C04388292AF2B385EAFC842141DC669","CN=DigiCert Global Root G2, OU=www.digicert.com, O=DigiCert Inc, C=US","CN=Microsoft Azure RSA TLS Issuing CA 08, O=Microsoft Corporation, C=US","31600991ED5FEC63D355A5484A6DCC787EAD89BC","CN=DigiCert Global Root G2, OU=www.digicert.com, O=DigiCert Inc, C=US","CN=DigiCert Global Root G2, OU=www.digicert.com, O=DigiCert Inc, C=US","DF3C24F9BFD666761B268073FE06D1CC8D4F82A4"
"21","aka.ms/hciconnectivitytargets","443","True","False","Environment Checker URL","6.6.0.44","Success","(301) Moved Permanently","0.069","For resolving the download script during installation.","N/A","CN=Microsoft Azure RSA TLS Issuing CA 07, O=Microsoft Corporation, C=US","CN=go.microsoft.com, O=Microsoft Corporation, L=Redmond, S=WA, C=US","9834564D8B8648AC848324CCF34E31E0D3630364","CN=DigiCert Global Root G2, OU=www.digicert.com, O=DigiCert Inc, C=US","CN=Microsoft Azure RSA TLS Issuing CA 07, O=Microsoft Corporation, C=US","3382517058A0C20228D598EE7501B61256A76442","CN=DigiCert Global Root G2, OU=www.digicert.com, O=DigiCert Inc, C=US","CN=DigiCert Global Root G2, OU=www.digicert.com, O=DigiCert Inc, C=US","DF3C24F9BFD666761B268073FE06D1CC8D4F82A4"
"22","arcplatformcliextprod.blob.core.windows.net","443","False","False","Environment Checker URL","52.239.246.4","Success","(400) Bad Request","0.945","URL matches wildcard from Wildcard GitHub URL, to test URL *.blob.core.windows.net - Used to download Resource bridge (appliance) images.","N/A","CN=Microsoft Azure RSA TLS Issuing CA 07, O=Microsoft Corporation, C=US","CN=*.blob.core.windows.net, O=Microsoft Corporation, L=Redmond, S=WA, C=US","E1426A180764A934808FF227DDC77178E4D4A1BF","CN=DigiCert Global Root G2, OU=www.digicert.com, O=DigiCert Inc, C=US","CN=Microsoft Azure RSA TLS Issuing CA 07, O=Microsoft Corporation, C=US","3382517058A0C20228D598EE7501B61256A76442","CN=DigiCert Global Root G2, OU=www.digicert.com, O=DigiCert Inc, C=US","CN=DigiCert Global Root G2, OU=www.digicert.com, O=DigiCert Inc, C=US","DF3C24F9BFD666761B268073FE06D1CC8D4F82A4"
"23","arcplatformcliextprod.z13.web.core.windows.net","443","True","False","Environment Checker URL","52.239.246.1","Success","(404) Not Found","0.998","Used to deploy ARB extensions","N/A","CN=Microsoft Azure RSA TLS Issuing CA 04, O=Microsoft Corporation, C=US","CN=*.web.core.windows.net, O=Microsoft Corporation, L=Redmond, S=WA, C=US","C578EE751C135D896A8384272A924EC292EBF7FD","CN=DigiCert Global Root G2, OU=www.digicert.com, O=DigiCert Inc, C=US","CN=Microsoft Azure RSA TLS Issuing CA 04, O=Microsoft Corporation, C=US","BE68D0ADAA2345B48E507320B695D386080E5B25","CN=DigiCert Global Root G2, OU=www.digicert.com, O=DigiCert Inc, C=US","CN=DigiCert Global Root G2, OU=www.digicert.com, O=DigiCert Inc, C=US","DF3C24F9BFD666761B268073FE06D1CC8D4F82A4"
"24","aszk8snetworking.azurecr.io","443","True","False","Environment Checker URL","20.40.224.87","Success","(404) Not Found","1.309","For downloading Arc Networking related images","N/A","CN=Microsoft Azure RSA TLS Issuing CA 07, O=Microsoft Corporation, C=US","CN=*.azurecr.io, O=Microsoft Corporation, L=Redmond, S=WA, C=US","CA18807969F1076AE071F12DBC310BCE7C13B742","CN=DigiCert Global Root G2, OU=www.digicert.com, O=DigiCert Inc, C=US","CN=Microsoft Azure RSA TLS Issuing CA 07, O=Microsoft Corporation, C=US","3382517058A0C20228D598EE7501B61256A76442","CN=DigiCert Global Root G2, OU=www.digicert.com, O=DigiCert Inc, C=US","CN=DigiCert Global Root G2, OU=www.digicert.com, O=DigiCert Inc, C=US","DF3C24F9BFD666761B268073FE06D1CC8D4F82A4"
"26","azurearcfork8s.azurecr.io","443","True","False","Environment Checker URL","20.62.128.15","Success","(404) Not Found","0.977","Used to download images and agents.","N/A","CN=Microsoft Azure RSA TLS Issuing CA 04, O=Microsoft Corporation, C=US","CN=*.azurecr.io, O=Microsoft Corporation, L=Redmond, S=WA, C=US","1B1518C09851E0AB9201EE0A70F144B535EA1573","CN=DigiCert Global Root G2, OU=www.digicert.com, O=DigiCert Inc, C=US","CN=Microsoft Azure RSA TLS Issuing CA 04, O=Microsoft Corporation, C=US","BE68D0ADAA2345B48E507320B695D386080E5B25","CN=DigiCert Global Root G2, OU=www.digicert.com, O=DigiCert Inc, C=US","CN=DigiCert Global Root G2, OU=www.digicert.com, O=DigiCert Inc, C=US","DF3C24F9BFD666761B268073FE06D1CC8D4F82A4"
"27","azurearcfork8sdev.azurecr.io","443","True","False","Environment Checker URL","20.62.128.15","Success","(404) Not Found","0.938","Used to download Azure Arc for Kubernetes container images.","N/A","CN=Microsoft Azure RSA TLS Issuing CA 04, O=Microsoft Corporation, C=US","CN=*.azurecr.io, O=Microsoft Corporation, L=Redmond, S=WA, C=US","1B1518C09851E0AB9201EE0A70F144B535EA1573","CN=DigiCert Global Root G2, OU=www.digicert.com, O=DigiCert Inc, C=US","CN=Microsoft Azure RSA TLS Issuing CA 04, O=Microsoft Corporation, C=US","BE68D0ADAA2345B48E507320B695D386080E5B25","CN=DigiCert Global Root G2, OU=www.digicert.com, O=DigiCert Inc, C=US","CN=DigiCert Global Root G2, OU=www.digicert.com, O=DigiCert Inc, C=US","DF3C24F9BFD666761B268073FE06D1CC8D4F82A4"
"28","azurestackhci.azurefd.net","443","True","False","Environment Checker URL","13.107.253.64","Success","(404) Not Found","1.363","For Dataplane that has been deprecated and replaced with new dataplane endpoint","N/A","CN=Microsoft Azure RSA TLS Issuing CA 04, O=Microsoft Corporation, C=US","CN=*.azurefd.net, O=Microsoft Corporation, L=Redmond, S=WA, C=US","1A259534DD23CC08BE7A2CA1D6C448D636570C4B","CN=DigiCert Global Root G2, OU=www.digicert.com, O=DigiCert Inc, C=US","CN=Microsoft Azure RSA TLS Issuing CA 04, O=Microsoft Corporation, C=US","BE68D0ADAA2345B48E507320B695D386080E5B25","CN=DigiCert Global Root G2, OU=www.digicert.com, O=DigiCert Inc, C=US","CN=DigiCert Global Root G2, OU=www.digicert.com, O=DigiCert Inc, C=US","DF3C24F9BFD666761B268073FE06D1CC8D4F82A4"
"29","azurestackreleases.download.prss.microsoft.com","443","True","False","Environment Checker URL","146.75.74.172","Success","(404) Not Found","0.095","Azure Stack HCI Arc extensions deployment","N/A","CN=Microsoft Azure RSA TLS Issuing CA 03, O=Microsoft Corporation, C=US","CN=fs.download.prss.microsoft.com, O=Microsoft Corporation, L=Redmond, S=WA, C=US","F7B4E1D543219122F06BF361BA4ECEF9302D97EB","CN=DigiCert Global Root G2, OU=www.digicert.com, O=DigiCert Inc, C=US","CN=Microsoft Azure RSA TLS Issuing CA 03, O=Microsoft Corporation, C=US","F9388EA2C9B7D632B66A2B0B406DF1D37D3901F6","CN=DigiCert Global Root G2, OU=www.digicert.com, O=DigiCert Inc, C=US","CN=DigiCert Global Root G2, OU=www.digicert.com, O=DigiCert Inc, C=US","DF3C24F9BFD666761B268073FE06D1CC8D4F82A4"
"30","azurewatsonanalysis-prod.core.windows.net/ping","443","True","False","Environment Checker URL","13.86.60.121","Success","(404) Not Found","1.421","Watson observability","N/A","CN=Microsoft Azure RSA TLS Issuing CA 04, O=Microsoft Corporation, C=US","CN=azw-anse.watson.azure.com, O=Microsoft Corporation, L=Redmond, S=WA, C=US","D55A0DC8CE65FCB0D4025AE033CAC9CD2A37362B","CN=DigiCert Global Root G2, OU=www.digicert.com, O=DigiCert Inc, C=US","CN=Microsoft Azure RSA TLS Issuing CA 04, O=Microsoft Corporation, C=US","BE68D0ADAA2345B48E507320B695D386080E5B25","CN=DigiCert Global Root G2, OU=www.digicert.com, O=DigiCert Inc, C=US","CN=DigiCert Global Root G2, OU=www.digicert.com, O=DigiCert Inc, C=US","DF3C24F9BFD666761B268073FE06D1CC8D4F82A4"
"31","billing.platform.edge.azure.com/_health","443","True","False","Environment Checker URL","13.107.253.64","Success","(404) Not Found","0.409","For Dataplane that pushes up diagnostics data, billing data and used in the Portal pipeline","N/A","CN=Microsoft Azure RSA TLS Issuing CA 04, O=Microsoft Corporation, C=US","CN=*.platform.edge.azure.com, O=Microsoft Corporation, L=Redmond, S=WA, C=US","3D78BFFFBA0078DB7C17977812FB43F5EF5733AE","CN=DigiCert Global Root G2, OU=www.digicert.com, O=DigiCert Inc, C=US","CN=Microsoft Azure RSA TLS Issuing CA 04, O=Microsoft Corporation, C=US","BE68D0ADAA2345B48E507320B695D386080E5B25","CN=DigiCert Global Root G2, OU=www.digicert.com, O=DigiCert Inc, C=US","CN=DigiCert Global Root G2, OU=www.digicert.com, O=DigiCert Inc, C=US","DF3C24F9BFD666761B268073FE06D1CC8D4F82A4"
"34","ctldl.windowsupdate.com","80","False","False","Environment Checker URL","2.18.190.133","Success","(200) OK","0.095","URL matches wildcard from Wildcard GitHub URL, to test URL *.windowsupdate.com - For Microsoft Update (http), which allows the OS to receive updates.","N/A","Port 80 - SSL not required","Port 80 - SSL not required","Port 80 - SSL not required","Port 80 - SSL not required","Port 80 - SSL not required","Port 80 - SSL not required","Port 80 - SSL not required","Port 80 - SSL not required","Port 80 - SSL not required"
"35","dc.services.visualstudio.com","443","False","False","Environment Checker URL","20.50.88.242","Success","(404) Not Found","0.361","For Agent telemetry","N/A","CN=Microsoft Azure RSA TLS Issuing CA 04, O=Microsoft Corporation, C=US","CN=prod.ai.ingestion.msftcloudes.com, O=Microsoft Corporation, L=Redmond, S=WA, C=US","35B010B9AB9EB50FAFFDC2CCF92E9009E8E112D3","CN=DigiCert Global Root G2, OU=www.digicert.com, O=DigiCert Inc, C=US","CN=Microsoft Azure RSA TLS Issuing CA 04, O=Microsoft Corporation, C=US","BE68D0ADAA2345B48E507320B695D386080E5B25","CN=DigiCert Global Root G2, OU=www.digicert.com, O=DigiCert Inc, C=US","CN=DigiCert Global Root G2, OU=www.digicert.com, O=DigiCert Inc, C=US","DF3C24F9BFD666761B268073FE06D1CC8D4F82A4"
"36","dl.delivery.mp.microsoft.com","80","False","False","Environment Checker URL","151.101.190.172","Success","(403) Forbidden","0.683","URL matches wildcard from Wildcard GitHub URL, to test URL *.delivery.mp.microsoft.com - For Microsoft Update (http), which allows the OS to receive updates.","N/A","Port 80 - SSL not required","Port 80 - SSL not required","Port 80 - SSL not required","Port 80 - SSL not required","Port 80 - SSL not required","Port 80 - SSL not required","Port 80 - SSL not required","Port 80 - SSL not required","Port 80 - SSL not required"
"37","download.microsoft.com","443","False","False","Environment Checker URL","204.79.197.219","Success","(301) Moved Permanently","0.247","For downloading the Windows installation package.","N/A","CN=Microsoft Azure RSA TLS Issuing CA 08, O=Microsoft Corporation, C=US","CN=download.microsoft.com, O=Microsoft Corporation, L=Redmond, S=WA, C=US","17448112A894CF390B3D8BDEA8109B093B71085D","CN=DigiCert Global Root G2, OU=www.digicert.com, O=DigiCert Inc, C=US","CN=Microsoft Azure RSA TLS Issuing CA 08, O=Microsoft Corporation, C=US","31600991ED5FEC63D355A5484A6DCC787EAD89BC","CN=DigiCert Global Root G2, OU=www.digicert.com, O=DigiCert Inc, C=US","CN=DigiCert Global Root G2, OU=www.digicert.com, O=DigiCert Inc, C=US","DF3C24F9BFD666761B268073FE06D1CC8D4F82A4"
"38","download.windowsupdate.com","80","False","False","Environment Checker URL","2.18.190.133","Success","(200) OK","0.073","URL matches wildcard from Wildcard GitHub URL, to test URL *.windowsupdate.com - For Microsoft Update (http), which allows the OS to receive updates.","N/A","Port 80 - SSL not required","Port 80 - SSL not required","Port 80 - SSL not required","Port 80 - SSL not required","Port 80 - SSL not required","Port 80 - SSL not required","Port 80 - SSL not required","Port 80 - SSL not required","Port 80 - SSL not required"
"39","dp.stackhci.azure.com/_ping","443","True","False","Environment Checker URL","13.107.253.64","Success","(404) Not Found","1.345","For Dataplane that pushes up diagnostics data, billing data and used in the Portal pipeline","N/A","CN=Microsoft Azure RSA TLS Issuing CA 07, O=Microsoft Corporation, C=US","CN=*.stackhci.azure.com, O=Microsoft Corporation, L=Redmond, S=WA, C=US","0E8951C42611F7E8CDB1840F9C24D130C1746C69","CN=DigiCert Global Root G2, OU=www.digicert.com, O=DigiCert Inc, C=US","CN=Microsoft Azure RSA TLS Issuing CA 07, O=Microsoft Corporation, C=US","3382517058A0C20228D598EE7501B61256A76442","CN=DigiCert Global Root G2, OU=www.digicert.com, O=DigiCert Inc, C=US","CN=DigiCert Global Root G2, OU=www.digicert.com, O=DigiCert Inc, C=US","DF3C24F9BFD666761B268073FE06D1CC8D4F82A4"
"43","eastus.obo.arc.azure.com:8084","8084","False","False","Environment Checker URL","52.168.118.130","Success","(500) Internal Server Error","0.975","For Cluster Connect and Custom Location-based scenarios.","N/A","CN=Microsoft Azure RSA TLS Issuing CA 04, O=Microsoft Corporation, C=US","CN=eastus.obo.arc.azure.com, O=Microsoft Corporation, L=Redmond, S=WA, C=US","48A766445F9AAEFC7AB87BE4708A0F138CE55341","CN=DigiCert Global Root G2, OU=www.digicert.com, O=DigiCert Inc, C=US","CN=Microsoft Azure RSA TLS Issuing CA 04, O=Microsoft Corporation, C=US","BE68D0ADAA2345B48E507320B695D386080E5B25","CN=DigiCert Global Root G2, OU=www.digicert.com, O=DigiCert Inc, C=US","CN=DigiCert Global Root G2, OU=www.digicert.com, O=DigiCert Inc, C=US","DF3C24F9BFD666761B268073FE06D1CC8D4F82A4"
"46","ecpacr.azurecr.io","443","True","False","Environment Checker URL","20.61.97.151","Success","(404) Not Found","0.295","For official Microsoft artifacts such as container images","N/A","CN=Microsoft Azure RSA TLS Issuing CA 03, O=Microsoft Corporation, C=US","CN=*.azurecr.io, O=Microsoft Corporation, L=Redmond, S=WA, C=US","26548E216309FD7E2487442ECB858D8A2E7F5E24","CN=DigiCert Global Root G2, OU=www.digicert.com, O=DigiCert Inc, C=US","CN=Microsoft Azure RSA TLS Issuing CA 03, O=Microsoft Corporation, C=US","F9388EA2C9B7D632B66A2B0B406DF1D37D3901F6","CN=DigiCert Global Root G2, OU=www.digicert.com, O=DigiCert Inc, C=US","CN=DigiCert Global Root G2, OU=www.digicert.com, O=DigiCert Inc, C=US","DF3C24F9BFD666761B268073FE06D1CC8D4F82A4"
"47","edgesupprd.trafficmanager.net","443","True","False","Environment Checker URL","13.107.253.64","Success","(403) Forbidden","0.517","Remote Support Traffic Manager Endpoint","N/A","CN=Microsoft Azure RSA TLS Issuing CA 04, O=Microsoft Corporation, C=US","CN=asztrsprod.eastus.cloudapp.azure.com, O=Microsoft Corporation, L=Redmond, S=WA, C=US","05037D552E9678F83A73B4F1B6985FFBB01C7C5C","CN=DigiCert Global Root G2, OU=www.digicert.com, O=DigiCert Inc, C=US","CN=Microsoft Azure RSA TLS Issuing CA 04, O=Microsoft Corporation, C=US","BE68D0ADAA2345B48E507320B695D386080E5B25","CN=DigiCert Global Root G2, OU=www.digicert.com, O=DigiCert Inc, C=US","CN=DigiCert Global Root G2, OU=www.digicert.com, O=DigiCert Inc, C=US","DF3C24F9BFD666761B268073FE06D1CC8D4F82A4"
"49","fe3cr.delivery.mp.microsoft.com","443","False","False","Environment Checker URL","20.3.187.198","Success","(403) Forbidden","1.677","URL matches wildcard from Wildcard GitHub URL, to test URL *.delivery.mp.microsoft.com - Used to download Resource bridge (appliance) images.","N/A","CN=Microsoft ECC Update Secure Server CA 2.1, O=Microsoft Corporation, L=Redmond, S=Washington, C=US","CN=fe3cr.delivery.mp.microsoft.com, OU=DSP, O=Microsoft, L=Redmond, S=WA, C=US","329C0597BE865E8A7725990936B9C9B267D8FA26","CN=Microsoft ECC Product Root Certificate Authority 2018, O=Microsoft Corporation, L=Redmond, S=Washington, C=US","CN=Microsoft ECC Update Secure Server CA 2.1, O=Microsoft Corporation, L=Redmond, S=Washington, C=US","C7ED7BF076120309F682577FE7B29A7593E9889C","CN=Microsoft ECC Product Root Certificate Authority 2018, O=Microsoft Corporation, L=Redmond, S=Washington, C=US","CN=Microsoft ECC Product Root Certificate Authority 2018, O=Microsoft Corporation, L=Redmond, S=Washington, C=US","06F1AA330B927B753A40E68CDF22E34BCBEF3352"
"50","files.pythonhosted.org","443","False","False","Environment Checker URL","151.101.0.223","Success","(200) OK","0.247","Validate Kubernetes and Python versions.","N/A","CN=GlobalSign Atlas R3 DV TLS CA 2025 Q1, O=GlobalSign nv-sa, C=BE","CN=*.pythonhosted.org","553F4DD4F007DD2FD41DD7790F4D69F452EBC89B","CN=GlobalSign, O=GlobalSign, OU=GlobalSign Root CA - R3","CN=GlobalSign Atlas R3 DV TLS CA 2025 Q1, O=GlobalSign nv-sa, C=BE","9C5CB67070BE3B685CCBF8D1EA02282B650533A0","CN=GlobalSign, O=GlobalSign, OU=GlobalSign Root CA - R3","CN=GlobalSign, O=GlobalSign, OU=GlobalSign Root CA - R3","D69B561148F01C77C54578C10926DF5B856976AD"
"51","gbl.his.arc.azure.com","443","False","False","Environment Checker URL","172.202.65.10","Success","(400) Bad Request","1.365","Used for identity and access control","N/A","CN=Microsoft Azure RSA TLS Issuing CA 04, O=Microsoft Corporation, C=US","CN=*.his.arc.azure.com, O=Microsoft Corporation, L=Redmond, S=WA, C=US","88FA1995BA4469600CB1EBC77559E756F2386527","CN=DigiCert Global Root G2, OU=www.digicert.com, O=DigiCert Inc, C=US","CN=Microsoft Azure RSA TLS Issuing CA 04, O=Microsoft Corporation, C=US","BE68D0ADAA2345B48E507320B695D386080E5B25","CN=DigiCert Global Root G2, OU=www.digicert.com, O=DigiCert Inc, C=US","CN=DigiCert Global Root G2, OU=www.digicert.com, O=DigiCert Inc, C=US","DF3C24F9BFD666761B268073FE06D1CC8D4F82A4"
"52","gcs.prod.monitoring.core.windows.net/healthcheck","443","True","False","Environment Checker URL","51.105.70.135","Success","(200) OK","0.42","To periodically send metrics and logs from appliance to 1p endpoints","N/A","CN=Microsoft Azure RSA TLS Issuing CA 08, O=Microsoft Corporation, C=US","CN=gcs.prod.monitoring.core.windows.net, O=Microsoft Corporation, L=Redmond, S=WA, C=US","9E175DDD3354BC82C0AB75F58056787BC5B8DE80","CN=DigiCert Global Root G2, OU=www.digicert.com, O=DigiCert Inc, C=US","CN=Microsoft Azure RSA TLS Issuing CA 08, O=Microsoft Corporation, C=US","31600991ED5FEC63D355A5484A6DCC787EAD89BC","CN=DigiCert Global Root G2, OU=www.digicert.com, O=DigiCert Inc, C=US","CN=DigiCert Global Root G2, OU=www.digicert.com, O=DigiCert Inc, C=US","DF3C24F9BFD666761B268073FE06D1CC8D4F82A4"
"53","geo.prod.do.dsp.mp.microsoft.com","443","False","False","Environment Checker URL","52.158.227.125","Success","(403) Forbidden","1.546","URL matches wildcard from Wildcard GitHub URL, to test URL *.do.dsp.mp.microsoft.com - Used to download Resource bridge (appliance) images.","N/A","CN=Microsoft ECC Content Distribution Secure Server CA 2.1, O=Microsoft Corporation, L=Redmond, S=Washington, C=US","CN=*.prod.do.dsp.mp.microsoft.com, OU=DSP, O=Microsoft, L=Redmond, S=WA, C=US","97AF94EBFABBF2C60EA69C5DF80D72420DE8E0BC","CN=Microsoft ECC Product Root Certificate Authority 2018, O=Microsoft Corporation, L=Redmond, S=Washington, C=US","CN=Microsoft ECC Content Distribution Secure Server CA 2.1, O=Microsoft Corporation, L=Redmond, S=Washington, C=US","C670A2E195748E3EE7B358CD3A311F760E99DBAD","CN=Microsoft ECC Product Root Certificate Authority 2018, O=Microsoft Corporation, L=Redmond, S=Washington, C=US","CN=Microsoft ECC Product Root Certificate Authority 2018, O=Microsoft Corporation, L=Redmond, S=Washington, C=US","06F1AA330B927B753A40E68CDF22E34BCBEF3352"
"54","global.prod.microsoftmetrics.com","443","True","False","Environment Checker URL","40.77.24.27","Success","(302) Found","0.192","To periodically send metrics and logs from appliance to 1p endpoints","N/A","CN=Microsoft Azure RSA TLS Issuing CA 03, O=Microsoft Corporation, C=US","CN=*.dc.ad.msft.net, O=Microsoft Corporation, L=Redmond, S=WA, C=US","71F8D7913DFAB34AE85B8BF3B1703D2E6B376691","CN=DigiCert Global Root G2, OU=www.digicert.com, O=DigiCert Inc, C=US","CN=Microsoft Azure RSA TLS Issuing CA 03, O=Microsoft Corporation, C=US","F9388EA2C9B7D632B66A2B0B406DF1D37D3901F6","CN=DigiCert Global Root G2, OU=www.digicert.com, O=DigiCert Inc, C=US","CN=DigiCert Global Root G2, OU=www.digicert.com, O=DigiCert Inc, C=US","DF3C24F9BFD666761B268073FE06D1CC8D4F82A4"
"55","go.microsoft.com","80","False","False","Environment Checker URL","6.6.0.62","Success","(302) Moved Temporarily","0.104","Required for Arc registration","N/A","Port 80 - SSL not required","Port 80 - SSL not required","Port 80 - SSL not required","Port 80 - SSL not required","Port 80 - SSL not required","Port 80 - SSL not required","Port 80 - SSL not required","Port 80 - SSL not required","Port 80 - SSL not required"
"57","graph.microsoft.com/v1.0/","443","True","False","Environment Checker URL","6.6.0.14","Success","(200) OK","0.252","Azure Resource Manager - to create or delete the Arc enabled components","N/A","CN=DigiCert SHA2 Secure Server CA, O=DigiCert Inc, C=US","CN=graph.microsoft.com, O=Microsoft Corporation, L=Redmond, S=Washington, C=US","32F2EFE0FF8E3F06DF28DF3564456CF188A43819","CN=DigiCert Global Root CA, OU=www.digicert.com, O=DigiCert Inc, C=US","CN=DigiCert SHA2 Secure Server CA, O=DigiCert Inc, C=US","626D44E704D1CEABE3BF0D53397464AC8080142C","CN=DigiCert Global Root CA, OU=www.digicert.com, O=DigiCert Inc, C=US","CN=DigiCert Global Root CA, OU=www.digicert.com, O=DigiCert Inc, C=US","A8985D3A65E5E5C4B2D7D66D40C6DD2FB19C5436"
"58","graph.windows.net","443","True","False","Environment Checker URL","6.6.0.110","Success","(401) Unauthorized","0.297","For Graph, used for authentication, token fetch, and validation","N/A","CN=DigiCert SHA2 Secure Server CA, O=DigiCert Inc, C=US","CN=graph.windows.net, O=Microsoft Corporation, L=Redmond, S=Washington, C=US","AE59E47969F8E23B5279974A7BA3814EAD68801F","CN=DigiCert Global Root CA, OU=www.digicert.com, O=DigiCert Inc, C=US","CN=DigiCert SHA2 Secure Server CA, O=DigiCert Inc, C=US","626D44E704D1CEABE3BF0D53397464AC8080142C","CN=DigiCert Global Root CA, OU=www.digicert.com, O=DigiCert Inc, C=US","CN=DigiCert Global Root CA, OU=www.digicert.com, O=DigiCert Inc, C=US","A8985D3A65E5E5C4B2D7D66D40C6DD2FB19C5436"
"59","guestnotificationservice.azure.com/urls/allowlist?api-version=2020-01-01&location=eastus2","443","True","False","Environment Checker URL","204.79.197.243","Success","(200) OK","12.878","For the notification service for extension and connectivity scenarios","N/A","CN=Microsoft Azure RSA TLS Issuing CA 08, O=Microsoft Corporation, C=US","CN=guestnotificationservice.azure.com, O=Microsoft Corporation, L=Redmond, S=WA, C=US","9DE3208B445D51230FFCE8480312A7C7FFCF38CB","CN=DigiCert Global Root G2, OU=www.digicert.com, O=DigiCert Inc, C=US","CN=Microsoft Azure RSA TLS Issuing CA 08, O=Microsoft Corporation, C=US","31600991ED5FEC63D355A5484A6DCC787EAD89BC","CN=DigiCert Global Root G2, OU=www.digicert.com, O=DigiCert Inc, C=US","CN=DigiCert Global Root G2, OU=www.digicert.com, O=DigiCert Inc, C=US","DF3C24F9BFD666761B268073FE06D1CC8D4F82A4"
"60","hciarcvmscontainerregistry.azurecr.io","443","True","False","Environment Checker URL","20.62.128.15","Success","(404) Not Found","1.372","For Arc VM container registry on Azure Stack HCI 23H2.","N/A","CN=Microsoft Azure RSA TLS Issuing CA 04, O=Microsoft Corporation, C=US","CN=*.azurecr.io, O=Microsoft Corporation, L=Redmond, S=WA, C=US","1B1518C09851E0AB9201EE0A70F144B535EA1573","CN=DigiCert Global Root G2, OU=www.digicert.com, O=DigiCert Inc, C=US","CN=Microsoft Azure RSA TLS Issuing CA 04, O=Microsoft Corporation, C=US","BE68D0ADAA2345B48E507320B695D386080E5B25","CN=DigiCert Global Root G2, OU=www.digicert.com, O=DigiCert Inc, C=US","CN=DigiCert Global Root G2, OU=www.digicert.com, O=DigiCert Inc, C=US","DF3C24F9BFD666761B268073FE06D1CC8D4F82A4"
"61","hciarcvmsstorage.z13.web.core.windows.net","443","True","False","Environment Checker URL","20.209.40.69","Success","(200) OK","1.627","Static website hosted in Azure storage for stack-hci-vm CLI extension files.","N/A","CN=Microsoft Azure RSA TLS Issuing CA 08, O=Microsoft Corporation, C=US","CN=*.web.core.windows.net, O=Microsoft Corporation, L=Redmond, S=WA, C=US","C41B284E41F6E1B9DD268D4DF2B72DFAC5E244E5","CN=DigiCert Global Root G2, OU=www.digicert.com, O=DigiCert Inc, C=US","CN=Microsoft Azure RSA TLS Issuing CA 08, O=Microsoft Corporation, C=US","31600991ED5FEC63D355A5484A6DCC787EAD89BC","CN=DigiCert Global Root G2, OU=www.digicert.com, O=DigiCert Inc, C=US","CN=DigiCert Global Root G2, OU=www.digicert.com, O=DigiCert Inc, C=US","DF3C24F9BFD666761B268073FE06D1CC8D4F82A4"
"62","hybridaks.azurecr.io","443","True","False","Environment Checker URL","20.61.97.142","Success","(404) Not Found","0.299","Required to access the HybridAKS operator image.","N/A","CN=Microsoft Azure RSA TLS Issuing CA 03, O=Microsoft Corporation, C=US","CN=*.azurecr.io, O=Microsoft Corporation, L=Redmond, S=WA, C=US","26548E216309FD7E2487442ECB858D8A2E7F5E24","CN=DigiCert Global Root G2, OU=www.digicert.com, O=DigiCert Inc, C=US","CN=Microsoft Azure RSA TLS Issuing CA 03, O=Microsoft Corporation, C=US","F9388EA2C9B7D632B66A2B0B406DF1D37D3901F6","CN=DigiCert Global Root G2, OU=www.digicert.com, O=DigiCert Inc, C=US","CN=DigiCert Global Root G2, OU=www.digicert.com, O=DigiCert Inc, C=US","DF3C24F9BFD666761B268073FE06D1CC8D4F82A4"
"63","hybridaksstorage.z13.web.core.windows.net","443","True","False","Environment Checker URL","20.60.2.33","Success","(200) OK","1.122","AKSHCI static website hosted in Azure Storage.","N/A","CN=Microsoft Azure RSA TLS Issuing CA 04, O=Microsoft Corporation, C=US","CN=*.web.core.windows.net, O=Microsoft Corporation, L=Redmond, S=WA, C=US","BF546C465080D7608C9977B6B8E84C4E16C881D1","CN=DigiCert Global Root G2, OU=www.digicert.com, O=DigiCert Inc, C=US","CN=Microsoft Azure RSA TLS Issuing CA 04, O=Microsoft Corporation, C=US","BE68D0ADAA2345B48E507320B695D386080E5B25","CN=DigiCert Global Root G2, OU=www.digicert.com, O=DigiCert Inc, C=US","CN=DigiCert Global Root G2, OU=www.digicert.com, O=DigiCert Inc, C=US","DF3C24F9BFD666761B268073FE06D1CC8D4F82A4"
"66","kvamanagementoperator.azurecr.io","443","True","False","Environment Checker URL","20.62.128.5","Success","(404) Not Found","1.198","For official Microsoft artifacts such as container images","N/A","CN=Microsoft Azure RSA TLS Issuing CA 04, O=Microsoft Corporation, C=US","CN=*.azurecr.io, O=Microsoft Corporation, L=Redmond, S=WA, C=US","1B1518C09851E0AB9201EE0A70F144B535EA1573","CN=DigiCert Global Root G2, OU=www.digicert.com, O=DigiCert Inc, C=US","CN=Microsoft Azure RSA TLS Issuing CA 04, O=Microsoft Corporation, C=US","BE68D0ADAA2345B48E507320B695D386080E5B25","CN=DigiCert Global Root G2, OU=www.digicert.com, O=DigiCert Inc, C=US","CN=DigiCert Global Root G2, OU=www.digicert.com, O=DigiCert Inc, C=US","DF3C24F9BFD666761B268073FE06D1CC8D4F82A4"
"67","licensing.platform.edge.azure.com/_health","443","True","False","Environment Checker URL","13.107.246.64","Success","(404) Not Found","0.537","For Dataplane that pushes up diagnostics data, billing data and used in the Portal pipeline","N/A","CN=Microsoft Azure RSA TLS Issuing CA 04, O=Microsoft Corporation, C=US","CN=*.platform.edge.azure.com, O=Microsoft Corporation, L=Redmond, S=WA, C=US","33C0FDFA7A13976181EFD8CE4B50E6CCB09C02D5","CN=DigiCert Global Root G2, OU=www.digicert.com, O=DigiCert Inc, C=US","CN=Microsoft Azure RSA TLS Issuing CA 04, O=Microsoft Corporation, C=US","BE68D0ADAA2345B48E507320B695D386080E5B25","CN=DigiCert Global Root G2, OU=www.digicert.com, O=DigiCert Inc, C=US","CN=DigiCert Global Root G2, OU=www.digicert.com, O=DigiCert Inc, C=US","DF3C24F9BFD666761B268073FE06D1CC8D4F82A4"
"68","linuxgeneva-microsoft.azurecr.io","443","True","False","Environment Checker URL","20.49.102.153","Success","(404) Not Found","1.317","To periodically send Telemetry from  HCI or Windows Server host","N/A","CN=Microsoft Azure RSA TLS Issuing CA 03, O=Microsoft Corporation, C=US","CN=*.azurecr.io, O=Microsoft Corporation, L=Redmond, S=WA, C=US","4C467FF52447870310C2A7F61BDD89A1E14EF70A","CN=DigiCert Global Root G2, OU=www.digicert.com, O=DigiCert Inc, C=US","CN=Microsoft Azure RSA TLS Issuing CA 03, O=Microsoft Corporation, C=US","F9388EA2C9B7D632B66A2B0B406DF1D37D3901F6","CN=DigiCert Global Root G2, OU=www.digicert.com, O=DigiCert Inc, C=US","CN=DigiCert Global Root G2, OU=www.digicert.com, O=DigiCert Inc, C=US","DF3C24F9BFD666761B268073FE06D1CC8D4F82A4"
"69","login.microsoft.com/common/oauth2","443","True","False","Environment Checker URL","6.6.0.111","Success","(200) OK","0.381","Azure Resource Manager - to create or delete the Arc enabled components","N/A","CN=DigiCert SHA2 Secure Server CA, O=DigiCert Inc, C=US","CN=login.microsoft.com, O=Microsoft Corporation, L=Redmond, S=Washington, C=US","AE58E81AD406DE04B890669F97E090B11CBA51B6","CN=DigiCert Global Root CA, OU=www.digicert.com, O=DigiCert Inc, C=US","CN=DigiCert SHA2 Secure Server CA, O=DigiCert Inc, C=US","626D44E704D1CEABE3BF0D53397464AC8080142C","CN=DigiCert Global Root CA, OU=www.digicert.com, O=DigiCert Inc, C=US","CN=DigiCert Global Root CA, OU=www.digicert.com, O=DigiCert Inc, C=US","A8985D3A65E5E5C4B2D7D66D40C6DD2FB19C5436"
"70","login.microsoftonline.com/common/oauth2","443","False","False","Environment Checker URL","6.6.0.11","Success","(200) OK","0.169","For Active Directory Authority and authentication, token fetch, and validation","N/A","CN=DigiCert SHA2 Secure Server CA, O=DigiCert Inc, C=US","CN=login.microsoftonline.com, O=Microsoft Corporation, L=Redmond, S=Washington, C=US","E8EF99B890E88CCCA432703A91262ED0029D16B4","CN=DigiCert Global Root CA, OU=www.digicert.com, O=DigiCert Inc, C=US","CN=DigiCert SHA2 Secure Server CA, O=DigiCert Inc, C=US","626D44E704D1CEABE3BF0D53397464AC8080142C","CN=DigiCert Global Root CA, OU=www.digicert.com, O=DigiCert Inc, C=US","CN=DigiCert Global Root CA, OU=www.digicert.com, O=DigiCert Inc, C=US","A8985D3A65E5E5C4B2D7D66D40C6DD2FB19C5436"
"71","login.windows.net/common/oauth2","443","True","False","Environment Checker URL","6.6.0.112","Success","(200) OK","0.524","For Azure Active Directory","N/A","CN=DigiCert SHA2 Secure Server CA, O=DigiCert Inc, C=US","CN=login.windows.net, O=Microsoft Corporation, L=Redmond, S=Washington, C=US","CBCE3CF5A4E3E87DCBE9FC4149EE76C3A03BDC05","CN=DigiCert Global Root CA, OU=www.digicert.com, O=DigiCert Inc, C=US","CN=DigiCert SHA2 Secure Server CA, O=DigiCert Inc, C=US","626D44E704D1CEABE3BF0D53397464AC8080142C","CN=DigiCert Global Root CA, OU=www.digicert.com, O=DigiCert Inc, C=US","CN=DigiCert Global Root CA, OU=www.digicert.com, O=DigiCert Inc, C=US","A8985D3A65E5E5C4B2D7D66D40C6DD2FB19C5436"
"72","management.azure.com/metadata/endpoints?api-version=2022-08-01","443","False","False","Environment Checker URL","4.150.241.10","Success","(200) OK","1.169","For Azure Resource Manager to create or delete the Arc Server resource","N/A","CN=Microsoft Azure RSA TLS Issuing CA 04, O=Microsoft Corporation, C=US","CN=edge.management.azure.com, O=Microsoft Corporation, L=Redmond, S=WA, C=US","19FDF42EE28FC2310B9B62C88E77885E494BC021","CN=DigiCert Global Root G2, OU=www.digicert.com, O=DigiCert Inc, C=US","CN=Microsoft Azure RSA TLS Issuing CA 04, O=Microsoft Corporation, C=US","BE68D0ADAA2345B48E507320B695D386080E5B25","CN=DigiCert Global Root G2, OU=www.digicert.com, O=DigiCert Inc, C=US","CN=DigiCert Global Root G2, OU=www.digicert.com, O=DigiCert Inc, C=US","DF3C24F9BFD666761B268073FE06D1CC8D4F82A4"
"73","mcr.microsoft.com","443","True","False","Environment Checker URL","150.171.69.10","Success","(200) OK","0.411","For official Microsoft artifacts such as container images","N/A","CN=Microsoft Azure RSA TLS Issuing CA 04, O=Microsoft Corporation, C=US","CN=mcr.microsoft.com, O=Microsoft Corporation, L=Redmond, S=WA, C=US","7A64616560A8B23C6778242E841DCD77BB71FF80","CN=DigiCert Global Root G2, OU=www.digicert.com, O=DigiCert Inc, C=US","CN=Microsoft Azure RSA TLS Issuing CA 04, O=Microsoft Corporation, C=US","BE68D0ADAA2345B48E507320B695D386080E5B25","CN=DigiCert Global Root G2, OU=www.digicert.com, O=DigiCert Inc, C=US","CN=DigiCert Global Root G2, OU=www.digicert.com, O=DigiCert Inc, C=US","DF3C24F9BFD666761B268073FE06D1CC8D4F82A4"
"74","msk8s.api.cdp.microsoft.com","443","True","False","Environment Checker URL","4.151.228.221","Success","(404) Not Found","1.536","For official Microsoft artifacts such as container images","N/A","CN=Microsoft Update Secure Server CA 2.1, O=Microsoft Corporation, L=Redmond, S=Washington, C=US","CN=api.cdp.microsoft.com, OU=DSP, O=Microsoft, L=Redmond, S=WA, C=US","93EB3EB1E811812EA82123E4D35C1B1BB551DC1A","CN=Microsoft Root Certificate Authority 2011, O=Microsoft Corporation, L=Redmond, S=Washington, C=US","CN=Microsoft Update Secure Server CA 2.1, O=Microsoft Corporation, L=Redmond, S=Washington, C=US","7EED6032C9F56387EC734CBBF32BFC14DB6DE0A2","CN=Microsoft Root Certificate Authority 2011, O=Microsoft Corporation, L=Redmond, S=Washington, C=US","CN=Microsoft Root Certificate Authority 2011, O=Microsoft Corporation, L=Redmond, S=Washington, C=US","8F43288AD272F3103B6FB1428485EA3014C0BCFE"
"75","msk8s.sb.tlu.dl.delivery.mp.microsoft.com","443","True","False","Environment Checker URL","23.56.238.90","Success","(403) Forbidden","1.68","URL matches wildcard from Wildcard GitHub URL, to test URL *.delivery.mp.microsoft.com - For official Microsoft artifacts such as container images","N/A","CN=Microsoft Azure RSA TLS Issuing CA 07, O=Microsoft Corporation, C=US","CN=ak.sf.dl.delivery.mp.microsoft.com, O=Microsoft Corporation, L=Redmond, S=WA, C=US","982D672766D87E07E4A295807D4C1DCF31085DAE","CN=DigiCert Global Root G2, OU=www.digicert.com, O=DigiCert Inc, C=US","CN=Microsoft Azure RSA TLS Issuing CA 07, O=Microsoft Corporation, C=US","3382517058A0C20228D598EE7501B61256A76442","CN=DigiCert Global Root G2, OU=www.digicert.com, O=DigiCert Inc, C=US","CN=DigiCert Global Root G2, OU=www.digicert.com, O=DigiCert Inc, C=US","DF3C24F9BFD666761B268073FE06D1CC8D4F82A4"
"77","ocsp.digicert.com","80","False","False","Environment Checker URL","6.6.0.113","Success","(200) OK","0.074","Azure Stack HCI Certificate Revocation Lists","N/A","Port 80 - SSL not required","Port 80 - SSL not required","Port 80 - SSL not required","Port 80 - SSL not required","Port 80 - SSL not required","Port 80 - SSL not required","Port 80 - SSL not required","Port 80 - SSL not required","Port 80 - SSL not required"
"78","ocsp2.globalsign.com/gsorganizationvalsha2g2","80","False","False","Environment Checker URL","6.6.0.114","Success","(200) OK","0.082","Azure Stack HCI Certificate Revocation Lists","N/A","Port 80 - SSL not required","Port 80 - SSL not required","Port 80 - SSL not required","Port 80 - SSL not required","Port 80 - SSL not required","Port 80 - SSL not required","Port 80 - SSL not required","Port 80 - SSL not required","Port 80 - SSL not required"
"80","oneocsp.microsoft.com","80","False","False","Environment Checker URL","6.6.0.38","Success","(200) OK","0.076","Azure Stack HCI Certificate Revocation Lists","N/A","Port 80 - SSL not required","Port 80 - SSL not required","Port 80 - SSL not required","Port 80 - SSL not required","Port 80 - SSL not required","Port 80 - SSL not required","Port 80 - SSL not required","Port 80 - SSL not required","Port 80 - SSL not required"
"81","packages.microsoft.com","443","True","False","Environment Checker URL","13.107.253.64","Success","(200) OK","0.396","Resource bridge (appliance) client needs to Validate python package versions","N/A","CN=Microsoft Azure RSA TLS Issuing CA 08, O=Microsoft Corporation, C=US","CN=packages.microsoft.com, O=Microsoft Corporation, L=Redmond, S=WA, C=US","39E90301D277CD1D19E092A558E79F2ECD42FBA1","CN=DigiCert Global Root G2, OU=www.digicert.com, O=DigiCert Inc, C=US","CN=Microsoft Azure RSA TLS Issuing CA 08, O=Microsoft Corporation, C=US","31600991ED5FEC63D355A5484A6DCC787EAD89BC","CN=DigiCert Global Root G2, OU=www.digicert.com, O=DigiCert Inc, C=US","CN=DigiCert Global Root G2, OU=www.digicert.com, O=DigiCert Inc, C=US","DF3C24F9BFD666761B268073FE06D1CC8D4F82A4"
"82","pas.windows.net","443","True","False","Environment Checker URL","20.190.159.67","Success","(404) Not Found","0.294","For Azure Active Directory","N/A","CN=DigiCert SHA2 Secure Server CA, O=DigiCert Inc, C=US","CN=pas.windows.net, O=Microsoft Corporation, L=Redmond, S=Washington, C=US","2A7C36AC35E14C8A9332C260CCDAC7972F60705D","CN=DigiCert Global Root CA, OU=www.digicert.com, O=DigiCert Inc, C=US","CN=DigiCert SHA2 Secure Server CA, O=DigiCert Inc, C=US","626D44E704D1CEABE3BF0D53397464AC8080142C","CN=DigiCert Global Root CA, OU=www.digicert.com, O=DigiCert Inc, C=US","CN=DigiCert Global Root CA, OU=www.digicert.com, O=DigiCert Inc, C=US","A8985D3A65E5E5C4B2D7D66D40C6DD2FB19C5436"
"83","pipelineagent.azurecr.io","443","True","False","Environment Checker URL","20.189.171.142","Success","(404) Not Found","1.586","Used to download images and agents.","N/A","CN=Microsoft Azure RSA TLS Issuing CA 03, O=Microsoft Corporation, C=US","CN=*.azurecr.io, O=Microsoft Corporation, L=Redmond, S=WA, C=US","A97C013959A2539CD8F28E1977FEE6E3F86A801B","CN=DigiCert Global Root G2, OU=www.digicert.com, O=DigiCert Inc, C=US","CN=Microsoft Azure RSA TLS Issuing CA 03, O=Microsoft Corporation, C=US","F9388EA2C9B7D632B66A2B0B406DF1D37D3901F6","CN=DigiCert Global Root G2, OU=www.digicert.com, O=DigiCert Inc, C=US","CN=DigiCert Global Root G2, OU=www.digicert.com, O=DigiCert Inc, C=US","DF3C24F9BFD666761B268073FE06D1CC8D4F82A4"
"84","portal.azure.com","443","True","False","Environment Checker URL","150.171.84.46","Success","(200) OK","0.236","Portal for cluster registration and to unregister the cluster .","N/A","CN=Microsoft Azure RSA TLS Issuing CA 07, O=Microsoft Corporation, C=US","CN=portal.azure.com, O=Microsoft Corporation, L=Redmond, S=WA, C=US","3624B1F7333EB0067AE6F287ACC90DD3A827064D","CN=DigiCert Global Root G2, OU=www.digicert.com, O=DigiCert Inc, C=US","CN=Microsoft Azure RSA TLS Issuing CA 07, O=Microsoft Corporation, C=US","3382517058A0C20228D598EE7501B61256A76442","CN=DigiCert Global Root G2, OU=www.digicert.com, O=DigiCert Inc, C=US","CN=DigiCert Global Root G2, OU=www.digicert.com, O=DigiCert Inc, C=US","DF3C24F9BFD666761B268073FE06D1CC8D4F82A4"
"85","prod5.prod.hot.ingestion.msftcloudes.com","443","True","False","Environment Checker URL","20.189.172.75","Success","(404) Not Found","1.691","Used for metrics and monitoring telemetry traffic.","N/A","CN=Microsoft Azure RSA TLS Issuing CA 04, O=Microsoft Corporation, C=US","CN=prod.hot.ingest.monitor.core.windows.net, O=Microsoft Corporation, L=Redmond, S=WA, C=US","8AB7A90F18095881705A7FFB6508987450A83463","CN=DigiCert Global Root G2, OU=www.digicert.com, O=DigiCert Inc, C=US","CN=Microsoft Azure RSA TLS Issuing CA 04, O=Microsoft Corporation, C=US","BE68D0ADAA2345B48E507320B695D386080E5B25","CN=DigiCert Global Root G2, OU=www.digicert.com, O=DigiCert Inc, C=US","CN=DigiCert Global Root G2, OU=www.digicert.com, O=DigiCert Inc, C=US","DF3C24F9BFD666761B268073FE06D1CC8D4F82A4"
"86","prod5.prod.microsoftmetrics.com","443","True","False","Environment Checker URL","104.42.40.28","Success","(302) Found","0.133","To periodically send metrics and logs from appliance to 1p endpoints","N/A","CN=Microsoft Azure RSA TLS Issuing CA 04, O=Microsoft Corporation, C=US","CN=*.dc.ad.msft.net, O=Microsoft Corporation, L=Redmond, S=WA, C=US","D6A7424595B1724E18B61F3589062E6D237E4A83","CN=DigiCert Global Root G2, OU=www.digicert.com, O=DigiCert Inc, C=US","CN=Microsoft Azure RSA TLS Issuing CA 04, O=Microsoft Corporation, C=US","BE68D0ADAA2345B48E507320B695D386080E5B25","CN=DigiCert Global Root G2, OU=www.digicert.com, O=DigiCert Inc, C=US","CN=DigiCert Global Root G2, OU=www.digicert.com, O=DigiCert Inc, C=US","DF3C24F9BFD666761B268073FE06D1CC8D4F82A4"
"88","pypi.org","443","False","False","Environment Checker URL","151.101.64.223","Success","(200) OK","0.174","Resource bridge (appliance) client needs to Validate python package versions","N/A","CN=GlobalSign Atlas R3 DV TLS CA 2025 Q1, O=GlobalSign nv-sa, C=BE","CN=pypi.org","92ED17D3C30B2DD88AB9B41F9AD7D12FC02C0AEF","CN=GlobalSign, O=GlobalSign, OU=GlobalSign Root CA - R3","CN=GlobalSign Atlas R3 DV TLS CA 2025 Q1, O=GlobalSign nv-sa, C=BE","9C5CB67070BE3B685CCBF8D1EA02282B650533A0","CN=GlobalSign, O=GlobalSign, OU=GlobalSign Root CA - R3","CN=GlobalSign, O=GlobalSign, OU=GlobalSign Root CA - R3","D69B561148F01C77C54578C10926DF5B856976AD"
"89","pythonhosted.org","443","False","False","Environment Checker URL","151.101.64.223","Success","(200) OK","0.609","Resource bridge (appliance) client needs to Validate python package versions","N/A","CN=GlobalSign Atlas R3 DV TLS CA 2025 Q1, O=GlobalSign nv-sa, C=BE","CN=pythonhosted.org","111A10B5012080DD078A324F389E9B7219F445D3","CN=GlobalSign, O=GlobalSign, OU=GlobalSign Root CA - R3","CN=GlobalSign Atlas R3 DV TLS CA 2025 Q1, O=GlobalSign nv-sa, C=BE","9C5CB67070BE3B685CCBF8D1EA02282B650533A0","CN=GlobalSign, O=GlobalSign, OU=GlobalSign Root CA - R3","CN=GlobalSign, O=GlobalSign, OU=GlobalSign Root CA - R3","D69B561148F01C77C54578C10926DF5B856976AD"
"90","qos.prod.warm.ingest.monitor.core.windows.net","443","True","False","Environment Checker URL","172.211.123.128","Success","(404) Not Found","0.298","Geneva observability","N/A","CN=Microsoft Azure RSA TLS Issuing CA 03, O=Microsoft Corporation, C=US","CN=prod.warm.ingest.monitor.core.windows.net, O=Microsoft Corporation, L=Redmond, S=WA, C=US","607D97826EF808FEFC0CE4F2CFB4278F8B3F68A9","CN=DigiCert Global Root G2, OU=www.digicert.com, O=DigiCert Inc, C=US","CN=Microsoft Azure RSA TLS Issuing CA 03, O=Microsoft Corporation, C=US","F9388EA2C9B7D632B66A2B0B406DF1D37D3901F6","CN=DigiCert Global Root G2, OU=www.digicert.com, O=DigiCert Inc, C=US","CN=DigiCert Global Root G2, OU=www.digicert.com, O=DigiCert Inc, C=US","DF3C24F9BFD666761B268073FE06D1CC8D4F82A4"
"91","raw.githubusercontent.com","443","False","False","Environment Checker URL","185.199.110.133","Success","(301) Moved Permanently","0.352","Used for GitHub.","N/A","CN=Sectigo RSA Domain Validation Secure Server CA, O=Sectigo Limited, L=Salford, S=Greater Manchester, C=GB","CN=*.github.io","8CFF59E58EC4FA76FEAF2DC5C0D4136A772DF991","CN=USERTrust RSA Certification Authority, O=The USERTRUST Network, L=Jersey City, S=New Jersey, C=US","CN=Sectigo RSA Domain Validation Secure Server CA, O=Sectigo Limited, L=Salford, S=Greater Manchester, C=GB","33E4E80807204C2B6182A3A14B591ACD25B5F0DB","CN=AAA Certificate Services, O=Comodo CA Limited, L=Salford, S=Greater Manchester, C=GB","CN=USERTrust RSA Certification Authority, O=The USERTRUST Network, L=Jersey City, S=New Jersey, C=US","D89E3BD43D5D909B47A18977AA9D5CE36CEE184C"
"92","s.symcb.com","80","False","False","Environment Checker URL","6.6.0.115","Success","(200) OK","0.071","Azure Stack HCI Certificate Revocation Lists","N/A","Port 80 - SSL not required","Port 80 - SSL not required","Port 80 - SSL not required","Port 80 - SSL not required","Port 80 - SSL not required","Port 80 - SSL not required","Port 80 - SSL not required","Port 80 - SSL not required","Port 80 - SSL not required"
"94","settings-win.data.microsoft.com","443","True","False","Environment Checker URL","20.72.205.209","Success","(404) Not Found","1.581","Azure Stack HCI Deployment","N/A","CN=Microsoft Secure Server CA 2011, O=Microsoft Corporation, L=Redmond, S=Washington, C=US","CN=settings-win.data.microsoft.com, OU=WSE, O=Microsoft, L=Redmond, S=WA, C=US","07DAF79A66F012427D2149C338331C6663A16803","CN=Microsoft Root Certificate Authority 2011, O=Microsoft Corporation, L=Redmond, S=Washington, C=US","CN=Microsoft Secure Server CA 2011, O=Microsoft Corporation, L=Redmond, S=Washington, C=US","83DA05A9886F7658BE73ACF0A4930C0F99B92F01","CN=Microsoft Root Certificate Authority 2011, O=Microsoft Corporation, L=Redmond, S=Washington, C=US","CN=Microsoft Root Certificate Authority 2011, O=Microsoft Corporation, L=Redmond, S=Washington, C=US","8F43288AD272F3103B6FB1428485EA3014C0BCFE"
"95","sts.windows.net/common/oauth2","443","True","False","Environment Checker URL","40.126.31.128","Success","(200) OK","0.43","Azure Resource Manager - to create or delete the Arc enabled components","N/A","CN=DigiCert SHA2 Secure Server CA, O=DigiCert Inc, C=US","CN=graph.windows.net, O=Microsoft Corporation, L=Redmond, S=Washington, C=US","AE59E47969F8E23B5279974A7BA3814EAD68801F","CN=DigiCert Global Root CA, OU=www.digicert.com, O=DigiCert Inc, C=US","CN=DigiCert SHA2 Secure Server CA, O=DigiCert Inc, C=US","626D44E704D1CEABE3BF0D53397464AC8080142C","CN=DigiCert Global Root CA, OU=www.digicert.com, O=DigiCert Inc, C=US","CN=DigiCert Global Root CA, OU=www.digicert.com, O=DigiCert Inc, C=US","A8985D3A65E5E5C4B2D7D66D40C6DD2FB19C5436"
"98","ts-crl.ws.symantec.com","80","False","False","Environment Checker URL","2.17.65.87","Success","(200) OK","0.111","Azure Stack HCI Certificate Revocation Lists","N/A","Port 80 - SSL not required","Port 80 - SSL not required","Port 80 - SSL not required","Port 80 - SSL not required","Port 80 - SSL not required","Port 80 - SSL not required","Port 80 - SSL not required","Port 80 - SSL not required","Port 80 - SSL not required"
"99","ts-ocsp.ws.symantec.com","80","False","False","Environment Checker URL","2.17.65.87","Success","(200) OK","0.118","Azure Stack HCI Certificate Revocation Lists","N/A","Port 80 - SSL not required","Port 80 - SSL not required","Port 80 - SSL not required","Port 80 - SSL not required","Port 80 - SSL not required","Port 80 - SSL not required","Port 80 - SSL not required","Port 80 - SSL not required","Port 80 - SSL not required"
"100","v20.events.data.microsoft.com","443","True","False","Environment Checker URL","6.6.0.117","Success","(404) Not Found","1.485","Used periodically to send required diagnostic data to Microsoft from control plane nodes.","N/A","CN=Microsoft Secure Server CA 2011, O=Microsoft Corporation, L=Redmond, S=Washington, C=US","CN=*.events.data.microsoft.com, OU=WSE, O=Microsoft, L=Redmond, S=WA, C=US","D1A3017A42B59208AA37626976EF75590FEC79D3","CN=Microsoft Root Certificate Authority 2011, O=Microsoft Corporation, L=Redmond, S=Washington, C=US","CN=Microsoft Secure Server CA 2011, O=Microsoft Corporation, L=Redmond, S=Washington, C=US","83DA05A9886F7658BE73ACF0A4930C0F99B92F01","CN=Microsoft Root Certificate Authority 2011, O=Microsoft Corporation, L=Redmond, S=Washington, C=US","CN=Microsoft Root Certificate Authority 2011, O=Microsoft Corporation, L=Redmond, S=Washington, C=US","8F43288AD272F3103B6FB1428485EA3014C0BCFE"
"102","westus.data.mcr.microsoft.com","443","True","False","Environment Checker URL","150.171.70.10","Success","(400) Bad Request","1.051","Used to download images and agents.","N/A","CN=Microsoft Azure RSA TLS Issuing CA 08, O=Microsoft Corporation, C=US","CN=*.data.mcr.microsoft.com, O=Microsoft Corporation, L=Redmond, S=WA, C=US","1444A523109DE5553E64F59D0BDE8BA6C2A4DAC7","CN=DigiCert Global Root G2, OU=www.digicert.com, O=DigiCert Inc, C=US","CN=Microsoft Azure RSA TLS Issuing CA 08, O=Microsoft Corporation, C=US","31600991ED5FEC63D355A5484A6DCC787EAD89BC","CN=DigiCert Global Root G2, OU=www.digicert.com, O=DigiCert Inc, C=US","CN=DigiCert Global Root G2, OU=www.digicert.com, O=DigiCert Inc, C=US","DF3C24F9BFD666761B268073FE06D1CC8D4F82A4"
"103","westus-shared.prod.warm.ingest.monitor.core.windows.net/api/v1/ingestion/status","443","True","False","Environment Checker URL","13.86.223.134","Success","(401) Unauthorized","1.801","Geneva observability","N/A","CN=Microsoft Azure RSA TLS Issuing CA 03, O=Microsoft Corporation, C=US","CN=prod.warm.ingest.monitor.core.windows.net, O=Microsoft Corporation, L=Redmond, S=WA, C=US","2F92EBBF2075B9CB04D90F695AF3FEEBB104FACA","CN=DigiCert Global Root G2, OU=www.digicert.com, O=DigiCert Inc, C=US","CN=Microsoft Azure RSA TLS Issuing CA 03, O=Microsoft Corporation, C=US","F9388EA2C9B7D632B66A2B0B406DF1D37D3901F6","CN=DigiCert Global Root G2, OU=www.digicert.com, O=DigiCert Inc, C=US","CN=DigiCert Global Root G2, OU=www.digicert.com, O=DigiCert Inc, C=US","DF3C24F9BFD666761B268073FE06D1CC8D4F82A4"
"104","windowsupdate.microsoft.com/windowsupdate/v6/default.aspx?ln=en-us","80","False","False","Environment Checker URL","20.109.209.108","Success","(302) Redirect","0.647","For Microsoft Update (http), which allows the OS to receive updates.","N/A","Port 80 - SSL not required","Port 80 - SSL not required","Port 80 - SSL not required","Port 80 - SSL not required","Port 80 - SSL not required","Port 80 - SSL not required","Port 80 - SSL not required","Port 80 - SSL not required","Port 80 - SSL not required"
"106","www.microsoft.com","443","True","False","Environment Checker URL","6.6.0.109","Success","(200) OK","0.287","Microsoft official web site.","N/A","CN=Microsoft Azure RSA TLS Issuing CA 04, O=Microsoft Corporation, C=US","CN=www.microsoft.com, O=Microsoft Corporation, L=Redmond, S=WA, C=US","C0CF0C1580E20618EA15357FC1028622518DDC4D","CN=DigiCert Global Root G2, OU=www.digicert.com, O=DigiCert Inc, C=US","CN=Microsoft Azure RSA TLS Issuing CA 04, O=Microsoft Corporation, C=US","BE68D0ADAA2345B48E507320B695D386080E5B25","CN=DigiCert Global Root G2, OU=www.digicert.com, O=DigiCert Inc, C=US","CN=DigiCert Global Root G2, OU=www.digicert.com, O=DigiCert Inc, C=US","DF3C24F9BFD666761B268073FE06D1CC8D4F82A4"
"108","www.powershellgallery.com","443","True","False","Environment Checker URL","13.107.246.64","Success","(200) OK","0.574","To install required PSGallery modules for Arc registration","N/A","CN=GeoTrust Global TLS RSA4096 SHA256 2022 CA1, O=""DigiCert, Inc."", C=US","CN=www.powershellgallery.com","A1D920B8AE582DBC556B37E430F6B0986FBABC13","CN=DigiCert Global Root CA, OU=www.digicert.com, O=DigiCert Inc, C=US","CN=GeoTrust Global TLS RSA4096 SHA256 2022 CA1, O=""DigiCert, Inc."", C=US","7E6DB7B7584D8CF2003E0931E6CFC41A3A62D3DF","CN=DigiCert Global Root CA, OU=www.digicert.com, O=DigiCert Inc, C=US","CN=DigiCert Global Root CA, OU=www.digicert.com, O=DigiCert Inc, C=US","A8985D3A65E5E5C4B2D7D66D40C6DD2FB19C5436"
"32","crl3.digicert.com","80","False","False","GitHub URL","6.6.0.92","Success","(200) OK","0.067","Platform attestation service on Azure Local to perform a certificate revocation list.","N/A","Port 80 - SSL not required","Port 80 - SSL not required","Port 80 - SSL not required","Port 80 - SSL not required","Port 80 - SSL not required","Port 80 - SSL not required","Port 80 - SSL not required","Port 80 - SSL not required","Port 80 - SSL not required"
"33","crl4.digicert.com","80","False","False","GitHub URL","6.6.0.108","Success","(200) OK","0.075","Platform attestation service on Azure Local to perform a certificate revocation list.","N/A","Port 80 - SSL not required","Port 80 - SSL not required","Port 80 - SSL not required","Port 80 - SSL not required","Port 80 - SSL not required","Port 80 - SSL not required","Port 80 - SSL not required","Port 80 - SSL not required","Port 80 - SSL not required"
"40","eastus.dp.kubernetesconfiguration.azure.com","443","True","False","GitHub URL","20.49.109.33","Success","(404) Not Found","1.159","Required for initial validation.","N/A","CN=Microsoft Azure RSA TLS Issuing CA 07, O=Microsoft Corporation, C=US","CN=*.rp.kubernetesconfiguration.azure.com, O=Microsoft Corporation, L=Redmond, S=WA, C=US","37BDD00A8A675D4A8F29EEECA26378AF99F3243C","CN=DigiCert Global Root G2, OU=www.digicert.com, O=DigiCert Inc, C=US","CN=Microsoft Azure RSA TLS Issuing CA 07, O=Microsoft Corporation, C=US","3382517058A0C20228D598EE7501B61256A76442","CN=DigiCert Global Root G2, OU=www.digicert.com, O=DigiCert Inc, C=US","CN=DigiCert Global Root G2, OU=www.digicert.com, O=DigiCert Inc, C=US","DF3C24F9BFD666761B268073FE06D1CC8D4F82A4"
"41","eastus.dp.prod.appliances.azure.com","443","True","False","GitHub URL","13.107.246.64","Success","(401) Unauthorized","1.251","Used for ARB data plane operations in East Us.","N/A","CN=DigiCert TLS RSA SHA256 2020 CA1, O=DigiCert Inc, C=US","CN=eastus.dp.prod.appliances.azure.com, O=Microsoft Corporation, L=Redmond, S=Washington, C=US","6ADDB01DB859F076AB5AE2C257CF51EEB4A7E2C1","CN=DigiCert Global Root CA, OU=www.digicert.com, O=DigiCert Inc, C=US","CN=DigiCert TLS RSA SHA256 2020 CA1, O=DigiCert Inc, C=US","1C58A3A8518E8759BF075B76B750D4F2DF264FCD","CN=DigiCert Global Root CA, OU=www.digicert.com, O=DigiCert Inc, C=US","CN=DigiCert Global Root CA, OU=www.digicert.com, O=DigiCert Inc, C=US","A8985D3A65E5E5C4B2D7D66D40C6DD2FB19C5436"
"42","eastus.login.microsoft.com","443","True","False","GitHub URL","40.126.23.66","Success","(404) Not Found","0.518","Required to fetch and update ARM tokens for logging into East Us Azure.","N/A","CN=DigiCert SHA2 Secure Server CA, O=DigiCert Inc, C=US","CN=graph.windows.net, O=Microsoft Corporation, L=Redmond, S=Washington, C=US","EA43EB365D587DAB909BD3503608CF7F413C7CA3","CN=DigiCert Global Root CA, OU=www.digicert.com, O=DigiCert Inc, C=US","CN=DigiCert SHA2 Secure Server CA, O=DigiCert Inc, C=US","626D44E704D1CEABE3BF0D53397464AC8080142C","CN=DigiCert Global Root CA, OU=www.digicert.com, O=DigiCert Inc, C=US","CN=DigiCert Global Root CA, OU=www.digicert.com, O=DigiCert Inc, C=US","A8985D3A65E5E5C4B2D7D66D40C6DD2FB19C5436"
"44","eastus-gas.guestconfiguration.azure.com","443","True","False","GitHub URL","172.202.64.10","Success","(404) Not Found","0.545","For extension management and guest configuration services in Australia East.","N/A","CN=Microsoft Azure RSA TLS Issuing CA 08, O=Microsoft Corporation, C=US","CN=*.guestconfiguration.azure.com, O=Microsoft Corporation, L=Redmond, S=WA, C=US","AC3CCB386C04388292AF2B385EAFC842141DC669","CN=DigiCert Global Root G2, OU=www.digicert.com, O=DigiCert Inc, C=US","CN=Microsoft Azure RSA TLS Issuing CA 08, O=Microsoft Corporation, C=US","31600991ED5FEC63D355A5484A6DCC787EAD89BC","CN=DigiCert Global Root G2, OU=www.digicert.com, O=DigiCert Inc, C=US","CN=DigiCert Global Root G2, OU=www.digicert.com, O=DigiCert Inc, C=US","DF3C24F9BFD666761B268073FE06D1CC8D4F82A4"
"45","eastus-shared.prod.warm.ingest.monitor.core.windows.net","443","True","False","GitHub URL","20.62.132.15","Success","(404) Not Found","1.028","Used for metrics and monitoring telemetry traffic.","N/A","CN=Microsoft Azure RSA TLS Issuing CA 03, O=Microsoft Corporation, C=US","CN=prod.warm.ingest.monitor.core.windows.net, O=Microsoft Corporation, L=Redmond, S=WA, C=US","00C90BBE1D464393AC5F9587EBDE1E66DE8D275C","CN=DigiCert Global Root G2, OU=www.digicert.com, O=DigiCert Inc, C=US","CN=Microsoft Azure RSA TLS Issuing CA 03, O=Microsoft Corporation, C=US","F9388EA2C9B7D632B66A2B0B406DF1D37D3901F6","CN=DigiCert Global Root G2, OU=www.digicert.com, O=DigiCert Inc, C=US","CN=DigiCert Global Root G2, OU=www.digicert.com, O=DigiCert Inc, C=US","DF3C24F9BFD666761B268073FE06D1CC8D4F82A4"
"48","fe3.delivery.mp.microsoft.com","443","False","False","GitHub URL","20.3.187.198","Success","(403) Forbidden","1.468","URL matches wildcard from Wildcard GitHub URL, to test URL *.delivery.mp.microsoft.com - For updating Azure Local.","N/A","CN=Microsoft Update Secure Server CA 2.1, O=Microsoft Corporation, L=Redmond, S=Washington, C=US","CN=*.delivery.mp.microsoft.com, OU=DSP, O=Microsoft, L=Redmond, S=WA, C=US","E02451BF10E2C9C4FDCE4732799B5F916E7D4F90","CN=Microsoft Root Certificate Authority 2011, O=Microsoft Corporation, L=Redmond, S=Washington, C=US","CN=Microsoft Update Secure Server CA 2.1, O=Microsoft Corporation, L=Redmond, S=Washington, C=US","7EED6032C9F56387EC734CBBF32BFC14DB6DE0A2","CN=Microsoft Root Certificate Authority 2011, O=Microsoft Corporation, L=Redmond, S=Washington, C=US","CN=Microsoft Root Certificate Authority 2011, O=Microsoft Corporation, L=Redmond, S=Washington, C=US","8F43288AD272F3103B6FB1428485EA3014C0BCFE"
"56","go.microsoft.com","443","True","False","GitHub URL","6.6.0.62","Success","(302) Moved Temporarily","0.071","For Microsoft Update, allowing the OS to receive updates.","N/A","CN=Microsoft Azure RSA TLS Issuing CA 07, O=Microsoft Corporation, C=US","CN=go.microsoft.com, O=Microsoft Corporation, L=Redmond, S=WA, C=US","9834564D8B8648AC848324CCF34E31E0D3630364","CN=DigiCert Global Root G2, OU=www.digicert.com, O=DigiCert Inc, C=US","CN=Microsoft Azure RSA TLS Issuing CA 07, O=Microsoft Corporation, C=US","3382517058A0C20228D598EE7501B61256A76442","CN=DigiCert Global Root G2, OU=www.digicert.com, O=DigiCert Inc, C=US","CN=DigiCert Global Root G2, OU=www.digicert.com, O=DigiCert Inc, C=US","DF3C24F9BFD666761B268073FE06D1CC8D4F82A4"
"64","k8connecthelm.azureedge.net","443","True","False","GitHub URL","13.107.246.64","Success","(400) Bad Request","0.982","deploy Azure Arc agent.","N/A","CN=Microsoft Azure RSA TLS Issuing CA 04, O=Microsoft Corporation, C=US","CN=*.azureedge.net, O=Microsoft Corporation, L=Redmond, S=WA, C=US","5C20B3EE2F5D797B646A9768B11B6F2E55415AEB","CN=DigiCert Global Root G2, OU=www.digicert.com, O=DigiCert Inc, C=US","CN=Microsoft Azure RSA TLS Issuing CA 04, O=Microsoft Corporation, C=US","BE68D0ADAA2345B48E507320B695D386080E5B25","CN=DigiCert Global Root G2, OU=www.digicert.com, O=DigiCert Inc, C=US","CN=DigiCert Global Root G2, OU=www.digicert.com, O=DigiCert Inc, C=US","DF3C24F9BFD666761B268073FE06D1CC8D4F82A4"
"65","k8sconnectcsp.azureedge.net","443","True","False","GitHub URL","13.107.253.64","Success","(400) Bad Request","1.627","Required for Custom Location.","N/A","CN=Microsoft Azure RSA TLS Issuing CA 04, O=Microsoft Corporation, C=US","CN=*.azureedge.net, O=Microsoft Corporation, L=Redmond, S=WA, C=US","5C20B3EE2F5D797B646A9768B11B6F2E55415AEB","CN=DigiCert Global Root G2, OU=www.digicert.com, O=DigiCert Inc, C=US","CN=Microsoft Azure RSA TLS Issuing CA 04, O=Microsoft Corporation, C=US","BE68D0ADAA2345B48E507320B695D386080E5B25","CN=DigiCert Global Root G2, OU=www.digicert.com, O=DigiCert Inc, C=US","CN=DigiCert Global Root G2, OU=www.digicert.com, O=DigiCert Inc, C=US","DF3C24F9BFD666761B268073FE06D1CC8D4F82A4"
"110","keyvault.vault.azure.net","443","False","False","GitHub URL","40.71.10.202","Success","(403) Forbidden","1.022","Default / example KeyVault URL 'keyvault.vault.azure.net' - Access to key vault to access Azure Local deployment secrets.","N/A","CN=Microsoft Azure RSA TLS Issuing CA 03, O=Microsoft Corporation, C=US","CN=vault.azure.net, O=Microsoft Corporation, L=Redmond, S=WA, C=US","F31AAE0C8617CF430A7253CFEE065C0564ADDF61","CN=DigiCert Global Root G2, OU=www.digicert.com, O=DigiCert Inc, C=US","CN=Microsoft Azure RSA TLS Issuing CA 03, O=Microsoft Corporation, C=US","F9388EA2C9B7D632B66A2B0B406DF1D37D3901F6","CN=DigiCert Global Root G2, OU=www.digicert.com, O=DigiCert Inc, C=US","CN=DigiCert Global Root G2, OU=www.digicert.com, O=DigiCert Inc, C=US","DF3C24F9BFD666761B268073FE06D1CC8D4F82A4"
"76","northeurope.data.mcr.microsoft.com","443","True","False","GitHub URL","150.171.70.10","Success","(400) Bad Request","0.408","North Europe site used for official Microsoft artifacts such as container images.","N/A","CN=Microsoft Azure RSA TLS Issuing CA 08, O=Microsoft Corporation, C=US","CN=*.data.mcr.microsoft.com, O=Microsoft Corporation, L=Redmond, S=WA, C=US","1444A523109DE5553E64F59D0BDE8BA6C2A4DAC7","CN=DigiCert Global Root G2, OU=www.digicert.com, O=DigiCert Inc, C=US","CN=Microsoft Azure RSA TLS Issuing CA 08, O=Microsoft Corporation, C=US","31600991ED5FEC63D355A5484A6DCC787EAD89BC","CN=DigiCert Global Root G2, OU=www.digicert.com, O=DigiCert Inc, C=US","CN=DigiCert Global Root G2, OU=www.digicert.com, O=DigiCert Inc, C=US","DF3C24F9BFD666761B268073FE06D1CC8D4F82A4"
"79","onegetcdn.azureedge.net","443","True","False","GitHub URL","23.56.238.91","Success","(400) Bad Request","0.557","To install required PSGallery modules for Arc registration.","N/A","CN=E5, O=Let's Encrypt, C=US","CN=*.azureedge.net","98FD7810ABEC1C4B27E6D9905F31FC3F9E8F9AAD","CN=ISRG Root X1, O=Internet Security Research Group, C=US","CN=E5, O=Let's Encrypt, C=US","5F28D9C589EE4BF31A11B78C72B8D13F079DDC45","CN=ISRG Root X1, O=Internet Security Research Group, C=US","CN=ISRG Root X1, O=Internet Security Research Group, C=US","CABD2A79A1076A31F21D253635CB039D4329A5E8"
"87","psg-prod-eastus.azureedge.net","443","True","False","GitHub URL","23.56.238.72","Success","(400) Bad Request","0.713","To install required PSGallery modules for Arc registration.","N/A","CN=E5, O=Let's Encrypt, C=US","CN=*.azureedge.net","98FD7810ABEC1C4B27E6D9905F31FC3F9E8F9AAD","CN=ISRG Root X1, O=Internet Security Research Group, C=US","CN=E5, O=Let's Encrypt, C=US","5F28D9C589EE4BF31A11B78C72B8D13F079DDC45","CN=ISRG Root X1, O=Internet Security Research Group, C=US","CN=ISRG Root X1, O=Internet Security Research Group, C=US","CABD2A79A1076A31F21D253635CB039D4329A5E8"
"93","s.symcd.com","80","False","False","GitHub URL","6.6.0.116","Success","(200) OK","0.076","Required for Public authorities? certificate revocation list.","N/A","Port 80 - SSL not required","Port 80 - SSL not required","Port 80 - SSL not required","Port 80 - SSL not required","Port 80 - SSL not required","Port 80 - SSL not required","Port 80 - SSL not required","Port 80 - SSL not required","Port 80 - SSL not required"
"96","time.windows.com","123","False","False","GitHub URL","10.221.236.34:123","Success","UDP port 123","2.44","OS time sync in appliance VM & Management machine (Windows NTP).","Success","N/A","N/A","N/A","N/A","N/A","N/A","N/A","N/A","N/A"
"97","tlu.dl.delivery.mp.microsoft.com","80","False","False","GitHub URL","84.201.209.73","Success","(403) Forbidden","0.108","URL matches wildcard from Wildcard GitHub URL, to test URL *.delivery.mp.microsoft.com - For updating Azure Local.","N/A","Port 80 - SSL not required","Port 80 - SSL not required","Port 80 - SSL not required","Port 80 - SSL not required","Port 80 - SSL not required","Port 80 - SSL not required","Port 80 - SSL not required","Port 80 - SSL not required","Port 80 - SSL not required"
"101","westeurope.data.mcr.microsoft.com","443","True","False","GitHub URL","150.171.69.10","Success","(400) Bad Request","0.295","Western Europe site used for official Microsoft artifacts such as container images.","N/A","CN=Microsoft Azure RSA TLS Issuing CA 08, O=Microsoft Corporation, C=US","CN=*.data.mcr.microsoft.com, O=Microsoft Corporation, L=Redmond, S=WA, C=US","1444A523109DE5553E64F59D0BDE8BA6C2A4DAC7","CN=DigiCert Global Root G2, OU=www.digicert.com, O=DigiCert Inc, C=US","CN=Microsoft Azure RSA TLS Issuing CA 08, O=Microsoft Corporation, C=US","31600991ED5FEC63D355A5484A6DCC787EAD89BC","CN=DigiCert Global Root G2, OU=www.digicert.com, O=DigiCert Inc, C=US","CN=DigiCert Global Root G2, OU=www.digicert.com, O=DigiCert Inc, C=US","DF3C24F9BFD666761B268073FE06D1CC8D4F82A4"
"107","www.msftconnecttest.com","80","False","False","GitHub URL","2.18.190.211","Success","(404) Not Found","0.076","Bootstrap Windows outbound connectivity validation","N/A","Port 80 - SSL not required","Port 80 - SSL not required","Port 80 - SSL not required","Port 80 - SSL not required","Port 80 - SSL not required","Port 80 - SSL not required","Port 80 - SSL not required","Port 80 - SSL not required","Port 80 - SSL not required"
"113","1a.au.download.windowsupdate.com","80","True","False","Test for Wildcard GitHub URL","2.18.190.133","Success","(200) OK","0.09","Manually defined URL to test Wildcard GitHub URL *.download.windowsupdate.com","N/A","Port 80 - SSL not required","Port 80 - SSL not required","Port 80 - SSL not required","Port 80 - SSL not required","Port 80 - SSL not required","Port 80 - SSL not required","Port 80 - SSL not required","Port 80 - SSL not required","Port 80 - SSL not required"
"117","azgn-southcentralus-public-1p-sn-vazr0002.servicebus.windows.net","80","True","False","Test for Wildcard GitHub URL","20.65.135.140","Success","(200) OK","1.545","Manually defined URL to test Wildcard GitHub URL *.servicebus.windows.net","N/A","Port 80 - SSL not required","Port 80 - SSL not required","Port 80 - SSL not required","Port 80 - SSL not required","Port 80 - SSL not required","Port 80 - SSL not required","Port 80 - SSL not required","Port 80 - SSL not required","Port 80 - SSL not required"
"115","edr-neu3.eu.endpoint.security.microsoft.com","443","True","False","Test for Wildcard GitHub URL","6.6.0.118","Success","(502) Bad Gateway","0.337","Manually defined URL to test Wildcard GitHub URL *.endpoint.security.microsoft.com","N/A","CN=Microsoft Secure Server CA 2011, O=Microsoft Corporation, L=Redmond, S=Washington, C=US","CN=*.endpoint.security.microsoft.com","3A4749F2A235F3C3A501E87B6FF035B4E37B5112","CN=Microsoft Root Certificate Authority 2011, O=Microsoft Corporation, L=Redmond, S=Washington, C=US","CN=Microsoft Secure Server CA 2011, O=Microsoft Corporation, L=Redmond, S=Washington, C=US","83DA05A9886F7658BE73ACF0A4930C0F99B92F01","CN=Microsoft Root Certificate Authority 2011, O=Microsoft Corporation, L=Redmond, S=Washington, C=US","CN=Microsoft Root Certificate Authority 2011, O=Microsoft Corporation, L=Redmond, S=Washington, C=US","8F43288AD272F3103B6FB1428485EA3014C0BCFE"
"112","eus2azreplstore214.blob.core.windows.net","80","True","False","Test for Wildcard GitHub URL","20.209.112.225","Success","(400) Bad Request","0.283","Manually defined URL to test Wildcard GitHub URL *.blob.storage.azure.net","N/A","Port 80 - SSL not required","Port 80 - SSL not required","Port 80 - SSL not required","Port 80 - SSL not required","Port 80 - SSL not required","Port 80 - SSL not required","Port 80 - SSL not required","Port 80 - SSL not required","Port 80 - SSL not required"
"114","fe2.update.microsoft.com","80","True","False","Test for Wildcard GitHub URL","20.163.45.190","Success","(404) Not Found","0.186","Manually defined URL to test Wildcard GitHub URL *.update.microsoft.com","N/A","Port 80 - SSL not required","Port 80 - SSL not required","Port 80 - SSL not required","Port 80 - SSL not required","Port 80 - SSL not required","Port 80 - SSL not required","Port 80 - SSL not required","Port 80 - SSL not required","Port 80 - SSL not required"
"111","mystorageaccount.blob.core.windows.net","80","True","False","Test for Wildcard GitHub URL","20.209.193.161","Success","(400) Bad Request","0.102","Manually defined URL to test Wildcard GitHub URL *.blob.storage.azure.net","N/A","Port 80 - SSL not required","Port 80 - SSL not required","Port 80 - SSL not required","Port 80 - SSL not required","Port 80 - SSL not required","Port 80 - SSL not required","Port 80 - SSL not required","Port 80 - SSL not required","Port 80 - SSL not required"
"116","prod5.prod.hot.ingest.monitor.core.windows.net","443","True","False","Test for Wildcard GitHub URL","20.189.172.75","Success","(404) Not Found","1.474","Manually defined URL to test Wildcard GitHub URL *.prod.hot.ingest.monitor.core.windows.net","N/A","CN=Microsoft Azure RSA TLS Issuing CA 04, O=Microsoft Corporation, C=US","CN=prod.hot.ingest.monitor.core.windows.net, O=Microsoft Corporation, L=Redmond, S=WA, C=US","8AB7A90F18095881705A7FFB6508987450A83463","CN=DigiCert Global Root G2, OU=www.digicert.com, O=DigiCert Inc, C=US","CN=Microsoft Azure RSA TLS Issuing CA 04, O=Microsoft Corporation, C=US","BE68D0ADAA2345B48E507320B695D386080E5B25","CN=DigiCert Global Root G2, OU=www.digicert.com, O=DigiCert Inc, C=US","CN=DigiCert Global Root G2, OU=www.digicert.com, O=DigiCert Inc, C=US","DF3C24F9BFD666761B268073FE06D1CC8D4F82A4"
"N/A","Download speed: 131.58 Megabits/second",,,,,,,,,,,,,,,,,,,
"N/A","Azure Region = EastUS",,,,,,,,,,,,,,,,,,,
